Title,URL,Description,Type,DisplayDuration
1,https://raw.githubusercontent.com/pwalkrrs/rrsatv/main/Demo/mountain1.jpg,1,Photo,10
2,https://raw.githubusercontent.com/pwalkrrs/rrsatv/main/Demo/320-1.mov,2,Video,
3,https://raw.githubusercontent.com/pwalkrrs/rrsatv/main/Demo/mountain1.jpg,3,Photo,10
4,https://raw.githubusercontent.com/pwalkrrs/rrsatv/main/Demo/320-2.m4v,4,Video,
5,https://raw.githubusercontent.com/pwalkrrs/rrsatv/main/Demo/mountain1.jpg,5,Photo,10
6,https://raw.githubusercontent.com/pwalkrrs/rrsatv/main/Demo/320-3.m4v,6,Video,
7,https://raw.githubusercontent.com/pwalkrrs/rrsatv/main/Demo/mountain1.jpg,7,Photo,10
8,https://raw.githubusercontent.com/pwalkrrs/rrsatv/main/Demo/320-4.m4v,8,Video,
9,https://raw.githubusercontent.com/pwalkrrs/rrsatv/main/Demo/mountain1.jpg,9,Photo,10
10,https://raw.githubusercontent.com/pwalkrrs/rrsatv/main/Demo/320-5.m4v,10,Video,
11,https://raw.githubusercontent.com/pwalkrrs/rrsatv/main/Demo/mountain1.jpg,11,Photo,10
12,https://raw.githubusercontent.com/pwalkrrs/rrsatv/main/Demo/320-6.m4v,12,Video,
